Aitkin,2010,http://education.state.mn.us/mdeprod/idcplg?IdcService=GET_FILE&RevisionSelectionMethod=latestReleased&Rendition=primary&dDocName=041083
Aitkin,2007,http://education.state.mn.us/mdeprod/idcplg?IdcService=GET_FILE&RevisionSelectionMethod=latestReleased&Rendition=primary&dDocName=041659
Aitkin,2004,http://education.state.mn.us/mdeprod/idcplg?IdcService=GET_FILE&RevisionSelectionMethod=latestReleased&Rendition=primary&dDocName=041859
Aitkin,2001,http://education.state.mn.us/mdeprod/idcplg?IdcService=GET_FILE&RevisionSelectionMethod=latestReleased&Rendition=primary&dDocName=042035
Anoka,2010,http://education.state.mn.us/mdeprod/idcplg?IdcService=GET_FILE&RevisionSelectionMethod=latestReleased&Rendition=primary&dDocName=041084
Anoka,2007,http://education.state.mn.us/mdeprod/idcplg?IdcService=GET_FILE&RevisionSelectionMethod=latestReleased&Rendition=primary&dDocName=041660
Anoka,2004,http://education.state.mn.us/mdeprod/idcplg?IdcService=GET_FILE&RevisionSelectionMethod=latestReleased&Rendition=primary&dDocName=041860
Anoka,2001,http://education.state.mn.us/mdeprod/idcplg?IdcService=GET_FILE&RevisionSelectionMethod=latestReleased&Rendition=primary&dDocName=042036
Becker,2010,http://education.state.mn.us/mdeprod/idcplg?IdcService=GET_FILE&RevisionSelectionMethod=latestReleased&Rendition=primary&dDocName=041170
Becker,2007,http://education.state.mn.us/mdeprod/idcplg?IdcService=GET_FILE&RevisionSelectionMethod=latestReleased&Rendition=primary&dDocName=041661
Becker,2004,http://education.state.mn.us/mdeprod/idcplg?IdcService=GET_FILE&RevisionSelectionMethod=latestReleased&Rendition=primary&dDocName=041861
Becker,2001,http://education.state.mn.us/mdeprod/idcplg?IdcService=GET_FILE&RevisionSelectionMethod=latestReleased&Rendition=primary&dDocName=042037
Beltrami,2010,http://education.state.mn.us/mdeprod/idcplg?IdcService=GET_FILE&RevisionSelectionMethod=latestReleased&Rendition=primary&dDocName=041171
Beltrami,2007,http://education.state.mn.us/mdeprod/idcplg?IdcService=GET_FILE&RevisionSelectionMethod=latestReleased&Rendition=primary&dDocName=041662
Beltrami,2004,http://education.state.mn.us/mdeprod/idcplg?IdcService=GET_FILE&RevisionSelectionMethod=latestReleased&Rendition=primary&dDocName=041862
Beltrami,2001,http://education.state.mn.us/mdeprod/idcplg?IdcService=GET_FILE&RevisionSelectionMethod=latestReleased&Rendition=primary&dDocName=042038
Benton,2010,http://education.state.mn.us/mdeprod/idcplg?IdcService=GET_FILE&RevisionSelectionMethod=latestReleased&Rendition=primary&dDocName=041172
Benton,2007,http://education.state.mn.us/mdeprod/idcplg?IdcService=GET_FILE&RevisionSelectionMethod=latestReleased&Rendition=primary&dDocName=041663
Benton,2004,http://education.state.mn.us/mdeprod/idcplg?IdcService=GET_FILE&RevisionSelectionMethod=latestReleased&Rendition=primary&dDocName=041863
Benton,2001,http://education.state.mn.us/mdeprod/idcplg?IdcService=GET_FILE&RevisionSelectionMethod=latestReleased&Rendition=primary&dDocName=042039
Big Stone,2010,http://education.state.mn.us/mdeprod/idcplg?IdcService=GET_FILE&RevisionSelectionMethod=latestReleased&Rendition=primary&dDocName=041173
Big Stone,2007,http://education.state.mn.us/mdeprod/idcplg?IdcService=GET_FILE&RevisionSelectionMethod=latestReleased&Rendition=primary&dDocName=041664
Big Stone,2004,http://education.state.mn.us/mdeprod/idcplg?IdcService=GET_FILE&RevisionSelectionMethod=latestReleased&Rendition=primary&dDocName=041864
Blue Earth,2010,http://education.state.mn.us/mdeprod/idcplg?IdcService=GET_FILE&RevisionSelectionMethod=latestReleased&Rendition=primary&dDocName=041174
Blue Earth,2007,http://education.state.mn.us/mdeprod/idcplg?IdcService=GET_FILE&RevisionSelectionMethod=latestReleased&Rendition=primary&dDocName=041665
Blue Earth,2004,http://education.state.mn.us/mdeprod/idcplg?IdcService=GET_FILE&RevisionSelectionMethod=latestReleased&Rendition=primary&dDocName=041865
Blue Earth,2001,http://education.state.mn.us/mdeprod/idcplg?IdcService=GET_FILE&RevisionSelectionMethod=latestReleased&Rendition=primary&dDocName=042040
Brown,2010,http://education.state.mn.us/mdeprod/idcplg?IdcService=GET_FILE&RevisionSelectionMethod=latestReleased&Rendition=primary&dDocName=041175
Brown,2007,http://education.state.mn.us/mdeprod/idcplg?IdcService=GET_FILE&RevisionSelectionMethod=latestReleased&Rendition=primary&dDocName=041666
Brown,2004,http://education.state.mn.us/mdeprod/idcplg?IdcService=GET_FILE&RevisionSelectionMethod=latestReleased&Rendition=primary&dDocName=041866
Brown,2001,http://education.state.mn.us/mdeprod/idcplg?IdcService=GET_FILE&RevisionSelectionMethod=latestReleased&Rendition=primary&dDocName=042041
Carlton,2010,http://education.state.mn.us/mdeprod/idcplg?IdcService=GET_FILE&RevisionSelectionMethod=latestReleased&Rendition=primary&dDocName=041176
Carlton,2007,http://education.state.mn.us/mdeprod/idcplg?IdcService=GET_FILE&RevisionSelectionMethod=latestReleased&Rendition=primary&dDocName=041667
Carlton,2004,http://education.state.mn.us/mdeprod/idcplg?IdcService=GET_FILE&RevisionSelectionMethod=latestReleased&Rendition=primary&dDocName=041867
Carlton,2001,http://education.state.mn.us/mdeprod/idcplg?IdcService=GET_FILE&RevisionSelectionMethod=latestReleased&Rendition=primary&dDocName=042042
Carver,2010,http://education.state.mn.us/mdeprod/idcplg?IdcService=GET_FILE&RevisionSelectionMethod=latestReleased&Rendition=primary&dDocName=041177
Carver,2007,http://education.state.mn.us/mdeprod/idcplg?IdcService=GET_FILE&RevisionSelectionMethod=latestReleased&Rendition=primary&dDocName=041668
Carver,2004,http://education.state.mn.us/mdeprod/idcplg?IdcService=GET_FILE&RevisionSelectionMethod=latestReleased&Rendition=primary&dDocName=041868
Carver,2001,http://education.state.mn.us/mdeprod/idcplg?IdcService=GET_FILE&RevisionSelectionMethod=latestReleased&Rendition=primary&dDocName=042043
Cass,2010,http://education.state.mn.us/mdeprod/idcplg?IdcService=GET_FILE&RevisionSelectionMethod=latestReleased&Rendition=primary&dDocName=041178
Cass,2007,http://education.state.mn.us/mdeprod/idcplg?IdcService=GET_FILE&RevisionSelectionMethod=latestReleased&Rendition=primary&dDocName=041669
Cass,2004,http://education.state.mn.us/mdeprod/idcplg?IdcService=GET_FILE&RevisionSelectionMethod=latestReleased&Rendition=primary&dDocName=041869
Cass,2001,http://education.state.mn.us/mdeprod/idcplg?IdcService=GET_FILE&RevisionSelectionMethod=latestReleased&Rendition=primary&dDocName=042044
Chippewa,2007,http://education.state.mn.us/mdeprod/idcplg?IdcService=GET_FILE&RevisionSelectionMethod=latestReleased&Rendition=primary&dDocName=041670
Chippewa,2001,http://education.state.mn.us/mdeprod/idcplg?IdcService=GET_FILE&RevisionSelectionMethod=latestReleased&Rendition=primary&dDocName=042045
Chisago,2010,http://education.state.mn.us/mdeprod/idcplg?IdcService=GET_FILE&RevisionSelectionMethod=latestReleased&Rendition=primary&dDocName=041179
Chisago,2007,http://education.state.mn.us/mdeprod/idcplg?IdcService=GET_FILE&RevisionSelectionMethod=latestReleased&Rendition=primary&dDocName=041671
Chisago,2001,http://education.state.mn.us/mdeprod/idcplg?IdcService=GET_FILE&RevisionSelectionMethod=latestReleased&Rendition=primary&dDocName=042046
Clay,2010,http://education.state.mn.us/mdeprod/idcplg?IdcService=GET_FILE&RevisionSelectionMethod=latestReleased&Rendition=primary&dDocName=041180
Clay,2007,http://education.state.mn.us/mdeprod/idcplg?IdcService=GET_FILE&RevisionSelectionMethod=latestReleased&Rendition=primary&dDocName=041672
Clay,2004,http://education.state.mn.us/mdeprod/idcplg?IdcService=GET_FILE&RevisionSelectionMethod=latestReleased&Rendition=primary&dDocName=041870
Clay,2001,http://education.state.mn.us/mdeprod/idcplg?IdcService=GET_FILE&RevisionSelectionMethod=latestReleased&Rendition=primary&dDocName=042047
Clearwater,2010,http://education.state.mn.us/mdeprod/idcplg?IdcService=GET_FILE&RevisionSelectionMethod=latestReleased&Rendition=primary&dDocName=041181
Clearwater,2007,http://education.state.mn.us/mdeprod/idcplg?IdcService=GET_FILE&RevisionSelectionMethod=latestReleased&Rendition=primary&dDocName=041673
Clearwater,2001,http://education.state.mn.us/mdeprod/idcplg?IdcService=GET_FILE&RevisionSelectionMethod=latestReleased&Rendition=primary&dDocName=042048
Cottonwood,2010,http://education.state.mn.us/mdeprod/idcplg?IdcService=GET_FILE&RevisionSelectionMethod=latestReleased&Rendition=primary&dDocName=041182
Cottonwood,2007,http://education.state.mn.us/mdeprod/idcplg?IdcService=GET_FILE&RevisionSelectionMethod=latestReleased&Rendition=primary&dDocName=041674
Cottonwood,2004,http://education.state.mn.us/mdeprod/idcplg?IdcService=GET_FILE&RevisionSelectionMethod=latestReleased&Rendition=primary&dDocName=041871
Cottonwood,2001,http://education.state.mn.us/mdeprod/idcplg?IdcService=GET_FILE&RevisionSelectionMethod=latestReleased&Rendition=primary&dDocName=042049
Crow Wing,2010,http://education.state.mn.us/mdeprod/idcplg?IdcService=GET_FILE&RevisionSelectionMethod=latestReleased&Rendition=primary&dDocName=041183
Crow Wing,2007,http://education.state.mn.us/mdeprod/idcplg?IdcService=GET_FILE&RevisionSelectionMethod=latestReleased&Rendition=primary&dDocName=041675
Crow Wing,2004,http://education.state.mn.us/mdeprod/idcplg?IdcService=GET_FILE&RevisionSelectionMethod=latestReleased&Rendition=primary&dDocName=041872
Crow Wing,2001,http://education.state.mn.us/mdeprod/idcplg?IdcService=GET_FILE&RevisionSelectionMethod=latestReleased&Rendition=primary&dDocName=042050
Dakota,2010,http://education.state.mn.us/mdeprod/idcplg?IdcService=GET_FILE&RevisionSelectionMethod=latestReleased&Rendition=primary&dDocName=041184
Dakota,2007,http://education.state.mn.us/mdeprod/idcplg?IdcService=GET_FILE&RevisionSelectionMethod=latestReleased&Rendition=primary&dDocName=041676
Dakota,2004,http://education.state.mn.us/mdeprod/idcplg?IdcService=GET_FILE&RevisionSelectionMethod=latestReleased&Rendition=primary&dDocName=041873
Dakota,2001,http://education.state.mn.us/mdeprod/idcplg?IdcService=GET_FILE&RevisionSelectionMethod=latestReleased&Rendition=primary&dDocName=042051
Dodge,2010,http://education.state.mn.us/mdeprod/idcplg?IdcService=GET_FILE&RevisionSelectionMethod=latestReleased&Rendition=primary&dDocName=041185
Dodge,2007,http://education.state.mn.us/mdeprod/idcplg?IdcService=GET_FILE&RevisionSelectionMethod=latestReleased&Rendition=primary&dDocName=041677
Dodge,2004,http://education.state.mn.us/mdeprod/idcplg?IdcService=GET_FILE&RevisionSelectionMethod=latestReleased&Rendition=primary&dDocName=041874
Douglas,2010,http://education.state.mn.us/mdeprod/idcplg?IdcService=GET_FILE&RevisionSelectionMethod=latestReleased&Rendition=primary&dDocName=041186
Douglas,2007,http://education.state.mn.us/mdeprod/idcplg?IdcService=GET_FILE&RevisionSelectionMethod=latestReleased&Rendition=primary&dDocName=041678
Douglas,2004,http://education.state.mn.us/mdeprod/idcplg?IdcService=GET_FILE&RevisionSelectionMethod=latestReleased&Rendition=primary&dDocName=041875
Douglas,2001,http://education.state.mn.us/mdeprod/idcplg?IdcService=GET_FILE&RevisionSelectionMethod=latestReleased&Rendition=primary&dDocName=042052
Faribault,2007,http://education.state.mn.us/mdeprod/idcplg?IdcService=GET_FILE&RevisionSelectionMethod=latestReleased&Rendition=primary&dDocName=041679
Faribault,2004,http://education.state.mn.us/mdeprod/idcplg?IdcService=GET_FILE&RevisionSelectionMethod=latestReleased&Rendition=primary&dDocName=041888
Faribault,2001,http://education.state.mn.us/mdeprod/idcplg?IdcService=GET_FILE&RevisionSelectionMethod=latestReleased&Rendition=primary&dDocName=042053
Fillmore,2010,http://education.state.mn.us/mdeprod/idcplg?IdcService=GET_FILE&RevisionSelectionMethod=latestReleased&Rendition=primary&dDocName=041187
Fillmore,2007,http://education.state.mn.us/mdeprod/idcplg?IdcService=GET_FILE&RevisionSelectionMethod=latestReleased&Rendition=primary&dDocName=041680
Fillmore,2004,http://education.state.mn.us/mdeprod/idcplg?IdcService=GET_FILE&RevisionSelectionMethod=latestReleased&Rendition=primary&dDocName=041889
Fillmore,2001,http://education.state.mn.us/mdeprod/idcplg?IdcService=GET_FILE&RevisionSelectionMethod=latestReleased&Rendition=primary&dDocName=042054
Freeborn,2010,http://education.state.mn.us/mdeprod/idcplg?IdcService=GET_FILE&RevisionSelectionMethod=latestReleased&Rendition=primary&dDocName=041188
Freeborn,2007,http://education.state.mn.us/mdeprod/idcplg?IdcService=GET_FILE&RevisionSelectionMethod=latestReleased&Rendition=primary&dDocName=041681
Freeborn,2004,http://education.state.mn.us/mdeprod/idcplg?IdcService=GET_FILE&RevisionSelectionMethod=latestReleased&Rendition=primary&dDocName=041890
Freeborn,2001,http://education.state.mn.us/mdeprod/idcplg?IdcService=GET_FILE&RevisionSelectionMethod=latestReleased&Rendition=primary&dDocName=042055
Goodhue,2010,http://education.state.mn.us/mdeprod/idcplg?IdcService=GET_FILE&RevisionSelectionMethod=latestReleased&Rendition=primary&dDocName=041189
Goodhue,2007,http://education.state.mn.us/mdeprod/idcplg?IdcService=GET_FILE&RevisionSelectionMethod=latestReleased&Rendition=primary&dDocName=041682
Goodhue,2004,http://education.state.mn.us/mdeprod/idcplg?IdcService=GET_FILE&RevisionSelectionMethod=latestReleased&Rendition=primary&dDocName=041891
Goodhue,2001,http://education.state.mn.us/mdeprod/idcplg?IdcService=GET_FILE&RevisionSelectionMethod=latestReleased&Rendition=primary&dDocName=042056
Grant,2007,http://education.state.mn.us/mdeprod/idcplg?IdcService=GET_FILE&RevisionSelectionMethod=latestReleased&Rendition=primary&dDocName=041683
Grant,2004,http://education.state.mn.us/mdeprod/idcplg?IdcService=GET_FILE&RevisionSelectionMethod=latestReleased&Rendition=primary&dDocName=041892
Grant,2001,http://education.state.mn.us/mdeprod/idcplg?IdcService=GET_FILE&RevisionSelectionMethod=latestReleased&Rendition=primary&dDocName=042057
Hennepin,2010,http://education.state.mn.us/mdeprod/idcplg?IdcService=GET_FILE&RevisionSelectionMethod=latestReleased&Rendition=primary&dDocName=041190
Hennepin,2007,http://education.state.mn.us/mdeprod/idcplg?IdcService=GET_FILE&RevisionSelectionMethod=latestReleased&Rendition=primary&dDocName=041684
Hennepin,2004,http://education.state.mn.us/mdeprod/idcplg?IdcService=GET_FILE&RevisionSelectionMethod=latestReleased&Rendition=primary&dDocName=041893
Hennepin,2001,http://education.state.mn.us/mdeprod/idcplg?IdcService=GET_FILE&RevisionSelectionMethod=latestReleased&Rendition=primary&dDocName=042058
Houston,2010,http://education.state.mn.us/mdeprod/idcplg?IdcService=GET_FILE&RevisionSelectionMethod=latestReleased&Rendition=primary&dDocName=041191
Houston,2007,http://education.state.mn.us/mdeprod/idcplg?IdcService=GET_FILE&RevisionSelectionMethod=latestReleased&Rendition=primary&dDocName=041685
Houston,2004,http://education.state.mn.us/mdeprod/idcplg?IdcService=GET_FILE&RevisionSelectionMethod=latestReleased&Rendition=primary&dDocName=041894
Houston,2001,http://education.state.mn.us/mdeprod/idcplg?IdcService=GET_FILE&RevisionSelectionMethod=latestReleased&Rendition=primary&dDocName=042059
Hubbard,2010,http://education.state.mn.us/mdeprod/idcplg?IdcService=GET_FILE&RevisionSelectionMethod=latestReleased&Rendition=primary&dDocName=041192
Hubbard,2007,http://education.state.mn.us/mdeprod/idcplg?IdcService=GET_FILE&RevisionSelectionMethod=latestReleased&Rendition=primary&dDocName=041686
Hubbard,2004,http://education.state.mn.us/mdeprod/idcplg?IdcService=GET_FILE&RevisionSelectionMethod=latestReleased&Rendition=primary&dDocName=041895
Isanti,2007,http://education.state.mn.us/mdeprod/idcplg?IdcService=GET_FILE&RevisionSelectionMethod=latestReleased&Rendition=primary&dDocName=041687
Isanti,2004,http://education.state.mn.us/mdeprod/idcplg?IdcService=GET_FILE&RevisionSelectionMethod=latestReleased&Rendition=primary&dDocName=041896
Isanti,2001,http://education.state.mn.us/mdeprod/idcplg?IdcService=GET_FILE&RevisionSelectionMethod=latestReleased&Rendition=primary&dDocName=042060
Itasca,2010,http://education.state.mn.us/mdeprod/idcplg?IdcService=GET_FILE&RevisionSelectionMethod=latestReleased&Rendition=primary&dDocName=041193
Itasca,2007,http://education.state.mn.us/mdeprod/idcplg?IdcService=GET_FILE&RevisionSelectionMethod=latestReleased&Rendition=primary&dDocName=041688
Itasca,2004,http://education.state.mn.us/mdeprod/idcplg?IdcService=GET_FILE&RevisionSelectionMethod=latestReleased&Rendition=primary&dDocName=041897
Itasca,2001,http://education.state.mn.us/mdeprod/idcplg?IdcService=GET_FILE&RevisionSelectionMethod=latestReleased&Rendition=primary&dDocName=042061
Jackson,2010,http://education.state.mn.us/mdeprod/idcplg?IdcService=GET_FILE&RevisionSelectionMethod=latestReleased&Rendition=primary&dDocName=041194
Jackson,2007,http://education.state.mn.us/mdeprod/idcplg?IdcService=GET_FILE&RevisionSelectionMethod=latestReleased&Rendition=primary&dDocName=041689
Jackson,2004,http://education.state.mn.us/mdeprod/idcplg?IdcService=GET_FILE&RevisionSelectionMethod=latestReleased&Rendition=primary&dDocName=041898
Jackson,2001,http://education.state.mn.us/mdeprod/idcplg?IdcService=GET_FILE&RevisionSelectionMethod=latestReleased&Rendition=primary&dDocName=042062
Kanabec,2010,http://education.state.mn.us/mdeprod/idcplg?IdcService=GET_FILE&RevisionSelectionMethod=latestReleased&Rendition=primary&dDocName=041195
Kanabec,2007,http://education.state.mn.us/mdeprod/idcplg?IdcService=GET_FILE&RevisionSelectionMethod=latestReleased&Rendition=primary&dDocName=041690
Kanabec,2001,http://education.state.mn.us/mdeprod/idcplg?IdcService=GET_FILE&RevisionSelectionMethod=latestReleased&Rendition=primary&dDocName=042063
Kandiyohi,2010,http://education.state.mn.us/mdeprod/idcplg?IdcService=GET_FILE&RevisionSelectionMethod=latestReleased&Rendition=primary&dDocName=041196
Kandiyohi,2007,http://education.state.mn.us/mdeprod/idcplg?IdcService=GET_FILE&RevisionSelectionMethod=latestReleased&Rendition=primary&dDocName=041691
Kandiyohi,2004,http://education.state.mn.us/mdeprod/idcplg?IdcService=GET_FILE&RevisionSelectionMethod=latestReleased&Rendition=primary&dDocName=041899
Kandiyohi,2001,http://education.state.mn.us/mdeprod/idcplg?IdcService=GET_FILE&RevisionSelectionMethod=latestReleased&Rendition=primary&dDocName=042064
Kittson,2010,http://education.state.mn.us/mdeprod/idcplg?IdcService=GET_FILE&RevisionSelectionMethod=latestReleased&Rendition=primary&dDocName=041197
Kittson,2007,http://education.state.mn.us/mdeprod/idcplg?IdcService=GET_FILE&RevisionSelectionMethod=latestReleased&Rendition=primary&dDocName=041692
Kittson,2004,http://education.state.mn.us/mdeprod/idcplg?IdcService=GET_FILE&RevisionSelectionMethod=latestReleased&Rendition=primary&dDocName=041900
Kittson,2001,http://education.state.mn.us/mdeprod/idcplg?IdcService=GET_FILE&RevisionSelectionMethod=latestReleased&Rendition=primary&dDocName=042065
Koochiching,2010,http://education.state.mn.us/mdeprod/idcplg?IdcService=GET_FILE&RevisionSelectionMethod=latestReleased&Rendition=primary&dDocName=041198
Koochiching,2004,http://education.state.mn.us/mdeprod/idcplg?IdcService=GET_FILE&RevisionSelectionMethod=latestReleased&Rendition=primary&dDocName=041901
Koochiching,2001,http://education.state.mn.us/mdeprod/idcplg?IdcService=GET_FILE&RevisionSelectionMethod=latestReleased&Rendition=primary&dDocName=042066
Lac Qui Parle,2007,http://education.state.mn.us/mdeprod/idcplg?IdcService=GET_FILE&RevisionSelectionMethod=latestReleased&Rendition=primary&dDocName=041693
Lac Qui Parle,2004,http://education.state.mn.us/mdeprod/idcplg?IdcService=GET_FILE&RevisionSelectionMethod=latestReleased&Rendition=primary&dDocName=041902
Lac qui Parle,2010,http://education.state.mn.us/mdeprod/idcplg?IdcService=GET_FILE&RevisionSelectionMethod=latestReleased&Rendition=primary&dDocName=041199
Lac qui Parle,2001,http://education.state.mn.us/mdeprod/idcplg?IdcService=GET_FILE&RevisionSelectionMethod=latestReleased&Rendition=primary&dDocName=042067
Le Sueur,2010,http://education.state.mn.us/mdeprod/idcplg?IdcService=GET_FILE&RevisionSelectionMethod=latestReleased&Rendition=primary&dDocName=041200
Le Sueur,2004,http://education.state.mn.us/mdeprod/idcplg?IdcService=GET_FILE&RevisionSelectionMethod=latestReleased&Rendition=primary&dDocName=041903
Le Sueur,2001,http://education.state.mn.us/mdeprod/idcplg?IdcService=GET_FILE&RevisionSelectionMethod=latestReleased&Rendition=primary&dDocName=042068
LeSueur,2007,http://education.state.mn.us/mdeprod/idcplg?IdcService=GET_FILE&RevisionSelectionMethod=latestReleased&Rendition=primary&dDocName=041694
Lincoln,2010,http://education.state.mn.us/mdeprod/idcplg?IdcService=GET_FILE&RevisionSelectionMethod=latestReleased&Rendition=primary&dDocName=041201
Lincoln,2007,http://education.state.mn.us/mdeprod/idcplg?IdcService=GET_FILE&RevisionSelectionMethod=latestReleased&Rendition=primary&dDocName=041695
Lincoln,2004,http://education.state.mn.us/mdeprod/idcplg?IdcService=GET_FILE&RevisionSelectionMethod=latestReleased&Rendition=primary&dDocName=041904
Lincoln,2001,http://education.state.mn.us/mdeprod/idcplg?IdcService=GET_FILE&RevisionSelectionMethod=latestReleased&Rendition=primary&dDocName=042069
Lyon,2010,http://education.state.mn.us/mdeprod/idcplg?IdcService=GET_FILE&RevisionSelectionMethod=latestReleased&Rendition=primary&dDocName=041202
Lyon,2007,http://education.state.mn.us/mdeprod/idcplg?IdcService=GET_FILE&RevisionSelectionMethod=latestReleased&Rendition=primary&dDocName=041696
Lyon,2004,http://education.state.mn.us/mdeprod/idcplg?IdcService=GET_FILE&RevisionSelectionMethod=latestReleased&Rendition=primary&dDocName=041905
Lyon,2001,http://education.state.mn.us/mdeprod/idcplg?IdcService=GET_FILE&RevisionSelectionMethod=latestReleased&Rendition=primary&dDocName=042070
Mahnomen,2010,http://education.state.mn.us/mdeprod/idcplg?IdcService=GET_FILE&RevisionSelectionMethod=latestReleased&Rendition=primary&dDocName=041204
Mahnomen,2007,http://education.state.mn.us/mdeprod/idcplg?IdcService=GET_FILE&RevisionSelectionMethod=latestReleased&Rendition=primary&dDocName=041697
Mahnomen,2004,http://education.state.mn.us/mdeprod/idcplg?IdcService=GET_FILE&RevisionSelectionMethod=latestReleased&Rendition=primary&dDocName=041906
Mahnomen,2001,http://education.state.mn.us/mdeprod/idcplg?IdcService=GET_FILE&RevisionSelectionMethod=latestReleased&Rendition=primary&dDocName=042071
Marshall,2010,http://education.state.mn.us/mdeprod/idcplg?IdcService=GET_FILE&RevisionSelectionMethod=latestReleased&Rendition=primary&dDocName=041205
Marshall,2007,http://education.state.mn.us/mdeprod/idcplg?IdcService=GET_FILE&RevisionSelectionMethod=latestReleased&Rendition=primary&dDocName=041698
Marshall,2004,http://education.state.mn.us/mdeprod/idcplg?IdcService=GET_FILE&RevisionSelectionMethod=latestReleased&Rendition=primary&dDocName=041907
Marshall,2001,http://education.state.mn.us/mdeprod/idcplg?IdcService=GET_FILE&RevisionSelectionMethod=latestReleased&Rendition=primary&dDocName=042072
Martin,2010,http://education.state.mn.us/mdeprod/idcplg?IdcService=GET_FILE&RevisionSelectionMethod=latestReleased&Rendition=primary&dDocName=041206
Martin,2007,http://education.state.mn.us/mdeprod/idcplg?IdcService=GET_FILE&RevisionSelectionMethod=latestReleased&Rendition=primary&dDocName=041699
Martin,2004,http://education.state.mn.us/mdeprod/idcplg?IdcService=GET_FILE&RevisionSelectionMethod=latestReleased&Rendition=primary&dDocName=041908
Martin,2001,http://education.state.mn.us/mdeprod/idcplg?IdcService=GET_FILE&RevisionSelectionMethod=latestReleased&Rendition=primary&dDocName=042073
McLeod,2010,http://education.state.mn.us/mdeprod/idcplg?IdcService=GET_FILE&RevisionSelectionMethod=latestReleased&Rendition=primary&dDocName=041203
McLeod,2007,http://education.state.mn.us/mdeprod/idcplg?IdcService=GET_FILE&RevisionSelectionMethod=latestReleased&Rendition=primary&dDocName=041700
McLeod,2004,http://education.state.mn.us/mdeprod/idcplg?IdcService=GET_FILE&RevisionSelectionMethod=latestReleased&Rendition=primary&dDocName=041909
McLeod,2001,http://education.state.mn.us/mdeprod/idcplg?IdcService=GET_FILE&RevisionSelectionMethod=latestReleased&Rendition=primary&dDocName=042074
Meeker,2010,http://education.state.mn.us/mdeprod/idcplg?IdcService=GET_FILE&RevisionSelectionMethod=latestReleased&Rendition=primary&dDocName=041207
Meeker,2007,http://education.state.mn.us/mdeprod/idcplg?IdcService=GET_FILE&RevisionSelectionMethod=latestReleased&Rendition=primary&dDocName=041701
Meeker,2004,http://education.state.mn.us/mdeprod/idcplg?IdcService=GET_FILE&RevisionSelectionMethod=latestReleased&Rendition=primary&dDocName=041910
Meeker,2001,http://education.state.mn.us/mdeprod/idcplg?IdcService=GET_FILE&RevisionSelectionMethod=latestReleased&Rendition=primary&dDocName=042075
Mille Lacs,2010,http://education.state.mn.us/mdeprod/idcplg?IdcService=GET_FILE&RevisionSelectionMethod=latestReleased&Rendition=primary&dDocName=041208
Mille Lacs,2007,http://education.state.mn.us/mdeprod/idcplg?IdcService=GET_FILE&RevisionSelectionMethod=latestReleased&Rendition=primary&dDocName=041702
Mille Lacs,2004,http://education.state.mn.us/mdeprod/idcplg?IdcService=GET_FILE&RevisionSelectionMethod=latestReleased&Rendition=primary&dDocName=041911
Mille Lacs,2001,http://education.state.mn.us/mdeprod/idcplg?IdcService=GET_FILE&RevisionSelectionMethod=latestReleased&Rendition=primary&dDocName=042076
Morrison,2010,http://education.state.mn.us/mdeprod/idcplg?IdcService=GET_FILE&RevisionSelectionMethod=latestReleased&Rendition=primary&dDocName=041209
Morrison,2007,http://education.state.mn.us/mdeprod/idcplg?IdcService=GET_FILE&RevisionSelectionMethod=latestReleased&Rendition=primary&dDocName=041703
Morrison,2004,http://education.state.mn.us/mdeprod/idcplg?IdcService=GET_FILE&RevisionSelectionMethod=latestReleased&Rendition=primary&dDocName=041912
Morrison,2001,http://education.state.mn.us/mdeprod/idcplg?IdcService=GET_FILE&RevisionSelectionMethod=latestReleased&Rendition=primary&dDocName=042077
Mower,2010,http://education.state.mn.us/mdeprod/idcplg?IdcService=GET_FILE&RevisionSelectionMethod=latestReleased&Rendition=primary&dDocName=041210
Mower,2007,http://education.state.mn.us/mdeprod/idcplg?IdcService=GET_FILE&RevisionSelectionMethod=latestReleased&Rendition=primary&dDocName=041704
Mower,2004,http://education.state.mn.us/mdeprod/idcplg?IdcService=GET_FILE&RevisionSelectionMethod=latestReleased&Rendition=primary&dDocName=041913
Mower,2001,http://education.state.mn.us/mdeprod/idcplg?IdcService=GET_FILE&RevisionSelectionMethod=latestReleased&Rendition=primary&dDocName=042078
Murray,2004,http://education.state.mn.us/mdeprod/idcplg?IdcService=GET_FILE&RevisionSelectionMethod=latestReleased&Rendition=primary&dDocName=041914
Murray,2001,http://education.state.mn.us/mdeprod/idcplg?IdcService=GET_FILE&RevisionSelectionMethod=latestReleased&Rendition=primary&dDocName=042079
Nicollet,2010,http://education.state.mn.us/mdeprod/idcplg?IdcService=GET_FILE&RevisionSelectionMethod=latestReleased&Rendition=primary&dDocName=041211
Nicollet,2007,http://education.state.mn.us/mdeprod/idcplg?IdcService=GET_FILE&RevisionSelectionMethod=latestReleased&Rendition=primary&dDocName=041705
Nicollet,2004,http://education.state.mn.us/mdeprod/idcplg?IdcService=GET_FILE&RevisionSelectionMethod=latestReleased&Rendition=primary&dDocName=041915
Nicollet,2001,http://education.state.mn.us/mdeprod/idcplg?IdcService=GET_FILE&RevisionSelectionMethod=latestReleased&Rendition=primary&dDocName=042080
Nobles,2010,http://education.state.mn.us/mdeprod/idcplg?IdcService=GET_FILE&RevisionSelectionMethod=latestReleased&Rendition=primary&dDocName=041212
Nobles,2007,http://education.state.mn.us/mdeprod/idcplg?IdcService=GET_FILE&RevisionSelectionMethod=latestReleased&Rendition=primary&dDocName=041706
Nobles,2004,http://education.state.mn.us/mdeprod/idcplg?IdcService=GET_FILE&RevisionSelectionMethod=latestReleased&Rendition=primary&dDocName=041916
Nobles,2001,http://education.state.mn.us/mdeprod/idcplg?IdcService=GET_FILE&RevisionSelectionMethod=latestReleased&Rendition=primary&dDocName=042081
Norman,2010,http://education.state.mn.us/mdeprod/idcplg?IdcService=GET_FILE&RevisionSelectionMethod=latestReleased&Rendition=primary&dDocName=041213
Norman,2007,http://education.state.mn.us/mdeprod/idcplg?IdcService=GET_FILE&RevisionSelectionMethod=latestReleased&Rendition=primary&dDocName=041707
Norman,2004,http://education.state.mn.us/mdeprod/idcplg?IdcService=GET_FILE&RevisionSelectionMethod=latestReleased&Rendition=primary&dDocName=041917
Norman,2001,http://education.state.mn.us/mdeprod/idcplg?IdcService=GET_FILE&RevisionSelectionMethod=latestReleased&Rendition=primary&dDocName=042082
Olmsted,2010,http://education.state.mn.us/mdeprod/idcplg?IdcService=GET_FILE&RevisionSelectionMethod=latestReleased&Rendition=primary&dDocName=041214
Olmsted,2007,http://education.state.mn.us/mdeprod/idcplg?IdcService=GET_FILE&RevisionSelectionMethod=latestReleased&Rendition=primary&dDocName=041708
Olmsted,2004,http://education.state.mn.us/mdeprod/idcplg?IdcService=GET_FILE&RevisionSelectionMethod=latestReleased&Rendition=primary&dDocName=041918
Olmsted,2001,http://education.state.mn.us/mdeprod/idcplg?IdcService=GET_FILE&RevisionSelectionMethod=latestReleased&Rendition=primary&dDocName=042083
Otter Tail,2010,http://education.state.mn.us/mdeprod/idcplg?IdcService=GET_FILE&RevisionSelectionMethod=latestReleased&Rendition=primary&dDocName=041215
Otter Tail,2007,http://education.state.mn.us/mdeprod/idcplg?IdcService=GET_FILE&RevisionSelectionMethod=latestReleased&Rendition=primary&dDocName=041709
Otter Tail,2004,http://education.state.mn.us/mdeprod/idcplg?IdcService=GET_FILE&RevisionSelectionMethod=latestReleased&Rendition=primary&dDocName=041919
Otter Tail,2001,http://education.state.mn.us/mdeprod/idcplg?IdcService=GET_FILE&RevisionSelectionMethod=latestReleased&Rendition=primary&dDocName=042084
Pennington,2007,http://education.state.mn.us/mdeprod/idcplg?IdcService=GET_FILE&RevisionSelectionMethod=latestReleased&Rendition=primary&dDocName=041710
Pennington,2004,http://education.state.mn.us/mdeprod/idcplg?IdcService=GET_FILE&RevisionSelectionMethod=latestReleased&Rendition=primary&dDocName=041920
Pine,2010,http://education.state.mn.us/mdeprod/idcplg?IdcService=GET_FILE&RevisionSelectionMethod=latestReleased&Rendition=primary&dDocName=041216
Pine,2007,http://education.state.mn.us/mdeprod/idcplg?IdcService=GET_FILE&RevisionSelectionMethod=latestReleased&Rendition=primary&dDocName=041711
Pine,2004,http://education.state.mn.us/mdeprod/idcplg?IdcService=GET_FILE&RevisionSelectionMethod=latestReleased&Rendition=primary&dDocName=041921
Pine,2001,http://education.state.mn.us/mdeprod/idcplg?IdcService=GET_FILE&RevisionSelectionMethod=latestReleased&Rendition=primary&dDocName=042085
Pipestone,2007,http://education.state.mn.us/mdeprod/idcplg?IdcService=GET_FILE&RevisionSelectionMethod=latestReleased&Rendition=primary&dDocName=041712
Pipestone,2004,http://education.state.mn.us/mdeprod/idcplg?IdcService=GET_FILE&RevisionSelectionMethod=latestReleased&Rendition=primary&dDocName=041922
Pipestone,2001,http://education.state.mn.us/mdeprod/idcplg?IdcService=GET_FILE&RevisionSelectionMethod=latestReleased&Rendition=primary&dDocName=042086
Polk,2010,http://education.state.mn.us/mdeprod/idcplg?IdcService=GET_FILE&RevisionSelectionMethod=latestReleased&Rendition=primary&dDocName=041217
Polk,2007,http://education.state.mn.us/mdeprod/idcplg?IdcService=GET_FILE&RevisionSelectionMethod=latestReleased&Rendition=primary&dDocName=041713
Polk,2004,http://education.state.mn.us/mdeprod/idcplg?IdcService=GET_FILE&RevisionSelectionMethod=latestReleased&Rendition=primary&dDocName=041923
Polk,2001,http://education.state.mn.us/mdeprod/idcplg?IdcService=GET_FILE&RevisionSelectionMethod=latestReleased&Rendition=primary&dDocName=042087
Pope,2004,http://education.state.mn.us/mdeprod/idcplg?IdcService=GET_FILE&RevisionSelectionMethod=latestReleased&Rendition=primary&dDocName=041924
Pope,2001,http://education.state.mn.us/mdeprod/idcplg?IdcService=GET_FILE&RevisionSelectionMethod=latestReleased&Rendition=primary&dDocName=042088
Ramsey,2010,http://education.state.mn.us/mdeprod/idcplg?IdcService=GET_FILE&RevisionSelectionMethod=latestReleased&Rendition=primary&dDocName=041218
Ramsey,2007,http://education.state.mn.us/mdeprod/idcplg?IdcService=GET_FILE&RevisionSelectionMethod=latestReleased&Rendition=primary&dDocName=041714
Ramsey,2004,http://education.state.mn.us/mdeprod/idcplg?IdcService=GET_FILE&RevisionSelectionMethod=latestReleased&Rendition=primary&dDocName=041925
Ramsey,2001,http://education.state.mn.us/mdeprod/idcplg?IdcService=GET_FILE&RevisionSelectionMethod=latestReleased&Rendition=primary&dDocName=042089
Red Lake,2010,http://education.state.mn.us/mdeprod/idcplg?IdcService=GET_FILE&RevisionSelectionMethod=latestReleased&Rendition=primary&dDocName=041219
Red Lake,2007,http://education.state.mn.us/mdeprod/idcplg?IdcService=GET_FILE&RevisionSelectionMethod=latestReleased&Rendition=primary&dDocName=041715
Red Lake,2004,http://education.state.mn.us/mdeprod/idcplg?IdcService=GET_FILE&RevisionSelectionMethod=latestReleased&Rendition=primary&dDocName=041926
Red Lake,2001,http://education.state.mn.us/mdeprod/idcplg?IdcService=GET_FILE&RevisionSelectionMethod=latestReleased&Rendition=primary&dDocName=042090
Redwood,2010,http://education.state.mn.us/mdeprod/idcplg?IdcService=GET_FILE&RevisionSelectionMethod=latestReleased&Rendition=primary&dDocName=041220
Redwood,2007,http://education.state.mn.us/mdeprod/idcplg?IdcService=GET_FILE&RevisionSelectionMethod=latestReleased&Rendition=primary&dDocName=041716
Redwood,2004,http://education.state.mn.us/mdeprod/idcplg?IdcService=GET_FILE&RevisionSelectionMethod=latestReleased&Rendition=primary&dDocName=041927
Redwood,2001,http://education.state.mn.us/mdeprod/idcplg?IdcService=GET_FILE&RevisionSelectionMethod=latestReleased&Rendition=primary&dDocName=042091
Renville,2010,http://education.state.mn.us/mdeprod/idcplg?IdcService=GET_FILE&RevisionSelectionMethod=latestReleased&Rendition=primary&dDocName=041221
Renville,2007,http://education.state.mn.us/mdeprod/idcplg?IdcService=GET_FILE&RevisionSelectionMethod=latestReleased&Rendition=primary&dDocName=041717
Renville,2004,http://education.state.mn.us/mdeprod/idcplg?IdcService=GET_FILE&RevisionSelectionMethod=latestReleased&Rendition=primary&dDocName=041928
Renville,2001,http://education.state.mn.us/mdeprod/idcplg?IdcService=GET_FILE&RevisionSelectionMethod=latestReleased&Rendition=primary&dDocName=042092
Rice,2010,http://education.state.mn.us/mdeprod/idcplg?IdcService=GET_FILE&RevisionSelectionMethod=latestReleased&Rendition=primary&dDocName=041222
Rice,2007,http://education.state.mn.us/mdeprod/idcplg?IdcService=GET_FILE&RevisionSelectionMethod=latestReleased&Rendition=primary&dDocName=041718
Rice,2004,http://education.state.mn.us/mdeprod/idcplg?IdcService=GET_FILE&RevisionSelectionMethod=latestReleased&Rendition=primary&dDocName=041929
Rice,2001,http://education.state.mn.us/mdeprod/idcplg?IdcService=GET_FILE&RevisionSelectionMethod=latestReleased&Rendition=primary&dDocName=042093
Roseau,2010,http://education.state.mn.us/mdeprod/idcplg?IdcService=GET_FILE&RevisionSelectionMethod=latestReleased&Rendition=primary&dDocName=041223
Roseau,2007,http://education.state.mn.us/mdeprod/idcplg?IdcService=GET_FILE&RevisionSelectionMethod=latestReleased&Rendition=primary&dDocName=041719
Roseau,2004,http://education.state.mn.us/mdeprod/idcplg?IdcService=GET_FILE&RevisionSelectionMethod=latestReleased&Rendition=primary&dDocName=041930
Roseau,2001,http://education.state.mn.us/mdeprod/idcplg?IdcService=GET_FILE&RevisionSelectionMethod=latestReleased&Rendition=primary&dDocName=042094
Scott,2010,http://education.state.mn.us/mdeprod/idcplg?IdcService=GET_FILE&RevisionSelectionMethod=latestReleased&Rendition=primary&dDocName=041225
Scott,2007,http://education.state.mn.us/mdeprod/idcplg?IdcService=GET_FILE&RevisionSelectionMethod=latestReleased&Rendition=primary&dDocName=041720
Scott,2004,http://education.state.mn.us/mdeprod/idcplg?IdcService=GET_FILE&RevisionSelectionMethod=latestReleased&Rendition=primary&dDocName=041931
Scott,2001,http://education.state.mn.us/mdeprod/idcplg?IdcService=GET_FILE&RevisionSelectionMethod=latestReleased&Rendition=primary&dDocName=042095
Sherburne,2010,http://education.state.mn.us/mdeprod/idcplg?IdcService=GET_FILE&RevisionSelectionMethod=latestReleased&Rendition=primary&dDocName=041226
Sherburne,2007,http://education.state.mn.us/mdeprod/idcplg?IdcService=GET_FILE&RevisionSelectionMethod=latestReleased&Rendition=primary&dDocName=041721
Sherburne,2004,http://education.state.mn.us/mdeprod/idcplg?IdcService=GET_FILE&RevisionSelectionMethod=latestReleased&Rendition=primary&dDocName=041932
Sherburne,2001,http://education.state.mn.us/mdeprod/idcplg?IdcService=GET_FILE&RevisionSelectionMethod=latestReleased&Rendition=primary&dDocName=042096
Sibley,2010,http://education.state.mn.us/mdeprod/idcplg?IdcService=GET_FILE&RevisionSelectionMethod=latestReleased&Rendition=primary&dDocName=041227
Sibley,2007,http://education.state.mn.us/mdeprod/idcplg?IdcService=GET_FILE&RevisionSelectionMethod=latestReleased&Rendition=primary&dDocName=041722
Sibley,2004,http://education.state.mn.us/mdeprod/idcplg?IdcService=GET_FILE&RevisionSelectionMethod=latestReleased&Rendition=primary&dDocName=041933
Sibley,2001,http://education.state.mn.us/mdeprod/idcplg?IdcService=GET_FILE&RevisionSelectionMethod=latestReleased&Rendition=primary&dDocName=042097
St. Louis,2010,http://education.state.mn.us/mdeprod/idcplg?IdcService=GET_FILE&RevisionSelectionMethod=latestReleased&Rendition=primary&dDocName=041224
St. Louis,2007,http://education.state.mn.us/mdeprod/idcplg?IdcService=GET_FILE&RevisionSelectionMethod=latestReleased&Rendition=primary&dDocName=041723
St. Louis,2004,http://education.state.mn.us/mdeprod/idcplg?IdcService=GET_FILE&RevisionSelectionMethod=latestReleased&Rendition=primary&dDocName=041934
St. Louis,2001,http://education.state.mn.us/mdeprod/idcplg?IdcService=GET_FILE&RevisionSelectionMethod=latestReleased&Rendition=primary&dDocName=042098
Stearns,2010,http://education.state.mn.us/mdeprod/idcplg?IdcService=GET_FILE&RevisionSelectionMethod=latestReleased&Rendition=primary&dDocName=041228
Stearns,2007,http://education.state.mn.us/mdeprod/idcplg?IdcService=GET_FILE&RevisionSelectionMethod=latestReleased&Rendition=primary&dDocName=041724
Stearns,2004,http://education.state.mn.us/mdeprod/idcplg?IdcService=GET_FILE&RevisionSelectionMethod=latestReleased&Rendition=primary&dDocName=041935
Stearns,2001,http://education.state.mn.us/mdeprod/idcplg?IdcService=GET_FILE&RevisionSelectionMethod=latestReleased&Rendition=primary&dDocName=042099
Steele,2010,http://education.state.mn.us/mdeprod/idcplg?IdcService=GET_FILE&RevisionSelectionMethod=latestReleased&Rendition=primary&dDocName=041229
Steele,2007,http://education.state.mn.us/mdeprod/idcplg?IdcService=GET_FILE&RevisionSelectionMethod=latestReleased&Rendition=primary&dDocName=041725
Steele,2004,http://education.state.mn.us/mdeprod/idcplg?IdcService=GET_FILE&RevisionSelectionMethod=latestReleased&Rendition=primary&dDocName=041936
Steele,2001,http://education.state.mn.us/mdeprod/idcplg?IdcService=GET_FILE&RevisionSelectionMethod=latestReleased&Rendition=primary&dDocName=042100
Stevens,2010,http://education.state.mn.us/mdeprod/idcplg?IdcService=GET_FILE&RevisionSelectionMethod=latestReleased&Rendition=primary&dDocName=041230
Stevens,2007,http://education.state.mn.us/mdeprod/idcplg?IdcService=GET_FILE&RevisionSelectionMethod=latestReleased&Rendition=primary&dDocName=041726
Stevens,2004,http://education.state.mn.us/mdeprod/idcplg?IdcService=GET_FILE&RevisionSelectionMethod=latestReleased&Rendition=primary&dDocName=041937
Swift,2010,http://education.state.mn.us/mdeprod/idcplg?IdcService=GET_FILE&RevisionSelectionMethod=latestReleased&Rendition=primary&dDocName=041231
Swift,2007,http://education.state.mn.us/mdeprod/idcplg?IdcService=GET_FILE&RevisionSelectionMethod=latestReleased&Rendition=primary&dDocName=041727
Swift,2001,http://education.state.mn.us/mdeprod/idcplg?IdcService=GET_FILE&RevisionSelectionMethod=latestReleased&Rendition=primary&dDocName=042101
Todd,2010,http://education.state.mn.us/mdeprod/idcplg?IdcService=GET_FILE&RevisionSelectionMethod=latestReleased&Rendition=primary&dDocName=041232
Todd,2007,http://education.state.mn.us/mdeprod/idcplg?IdcService=GET_FILE&RevisionSelectionMethod=latestReleased&Rendition=primary&dDocName=041728
Todd,2004,http://education.state.mn.us/mdeprod/idcplg?IdcService=GET_FILE&RevisionSelectionMethod=latestReleased&Rendition=primary&dDocName=041938
Todd,2001,http://education.state.mn.us/mdeprod/idcplg?IdcService=GET_FILE&RevisionSelectionMethod=latestReleased&Rendition=primary&dDocName=042102
Traverse,2010,http://education.state.mn.us/mdeprod/idcplg?IdcService=GET_FILE&RevisionSelectionMethod=latestReleased&Rendition=primary&dDocName=041233
Traverse,2007,http://education.state.mn.us/mdeprod/idcplg?IdcService=GET_FILE&RevisionSelectionMethod=latestReleased&Rendition=primary&dDocName=041729
Traverse,2004,http://education.state.mn.us/mdeprod/idcplg?IdcService=GET_FILE&RevisionSelectionMethod=latestReleased&Rendition=primary&dDocName=041939
Traverse,2001,http://education.state.mn.us/mdeprod/idcplg?IdcService=GET_FILE&RevisionSelectionMethod=latestReleased&Rendition=primary&dDocName=042103
Wabasha,2010,http://education.state.mn.us/mdeprod/idcplg?IdcService=GET_FILE&RevisionSelectionMethod=latestReleased&Rendition=primary&dDocName=041234
Wabasha,2007,http://education.state.mn.us/mdeprod/idcplg?IdcService=GET_FILE&RevisionSelectionMethod=latestReleased&Rendition=primary&dDocName=041730
Wabasha,2004,http://education.state.mn.us/mdeprod/idcplg?IdcService=GET_FILE&RevisionSelectionMethod=latestReleased&Rendition=primary&dDocName=041940
Wabasha,2001,http://education.state.mn.us/mdeprod/idcplg?IdcService=GET_FILE&RevisionSelectionMethod=latestReleased&Rendition=primary&dDocName=042104
Wadena,2010,http://education.state.mn.us/mdeprod/idcplg?IdcService=GET_FILE&RevisionSelectionMethod=latestReleased&Rendition=primary&dDocName=041235
Wadena,2007,http://education.state.mn.us/mdeprod/idcplg?IdcService=GET_FILE&RevisionSelectionMethod=latestReleased&Rendition=primary&dDocName=041731
Wadena,2004,http://education.state.mn.us/mdeprod/idcplg?IdcService=GET_FILE&RevisionSelectionMethod=latestReleased&Rendition=primary&dDocName=041941
Wadena,2001,http://education.state.mn.us/mdeprod/idcplg?IdcService=GET_FILE&RevisionSelectionMethod=latestReleased&Rendition=primary&dDocName=042105
Waseca,2010,http://education.state.mn.us/mdeprod/idcplg?IdcService=GET_FILE&RevisionSelectionMethod=latestReleased&Rendition=primary&dDocName=041236
Waseca,2007,http://education.state.mn.us/mdeprod/idcplg?IdcService=GET_FILE&RevisionSelectionMethod=latestReleased&Rendition=primary&dDocName=041732
Waseca,2004,http://education.state.mn.us/mdeprod/idcplg?IdcService=GET_FILE&RevisionSelectionMethod=latestReleased&Rendition=primary&dDocName=041942
Waseca,2001,http://education.state.mn.us/mdeprod/idcplg?IdcService=GET_FILE&RevisionSelectionMethod=latestReleased&Rendition=primary&dDocName=042106
Washington,2010,http://education.state.mn.us/mdeprod/idcplg?IdcService=GET_FILE&RevisionSelectionMethod=latestReleased&Rendition=primary&dDocName=041237
Washington,2007,http://education.state.mn.us/mdeprod/idcplg?IdcService=GET_FILE&RevisionSelectionMethod=latestReleased&Rendition=primary&dDocName=041733
Washington,2004,http://education.state.mn.us/mdeprod/idcplg?IdcService=GET_FILE&RevisionSelectionMethod=latestReleased&Rendition=primary&dDocName=041943
Washington,2001,http://education.state.mn.us/mdeprod/idcplg?IdcService=GET_FILE&RevisionSelectionMethod=latestReleased&Rendition=primary&dDocName=042107
Watonwan,2010,http://education.state.mn.us/mdeprod/idcplg?IdcService=GET_FILE&RevisionSelectionMethod=latestReleased&Rendition=primary&dDocName=041238
Watonwan,2007,http://education.state.mn.us/mdeprod/idcplg?IdcService=GET_FILE&RevisionSelectionMethod=latestReleased&Rendition=primary&dDocName=041734
Watonwan,2004,http://education.state.mn.us/mdeprod/idcplg?IdcService=GET_FILE&RevisionSelectionMethod=latestReleased&Rendition=primary&dDocName=041944
Watonwan,2001,http://education.state.mn.us/mdeprod/idcplg?IdcService=GET_FILE&RevisionSelectionMethod=latestReleased&Rendition=primary&dDocName=042108
Wilkin,2010,http://education.state.mn.us/mdeprod/idcplg?IdcService=GET_FILE&RevisionSelectionMethod=latestReleased&Rendition=primary&dDocName=041239
Wilkin,2007,http://education.state.mn.us/mdeprod/idcplg?IdcService=GET_FILE&RevisionSelectionMethod=latestReleased&Rendition=primary&dDocName=041735
Wilkin,2004,http://education.state.mn.us/mdeprod/idcplg?IdcService=GET_FILE&RevisionSelectionMethod=latestReleased&Rendition=primary&dDocName=041945
Wilkin,2001,http://education.state.mn.us/mdeprod/idcplg?IdcService=GET_FILE&RevisionSelectionMethod=latestReleased&Rendition=primary&dDocName=042109
Winona,2010,http://education.state.mn.us/mdeprod/idcplg?IdcService=GET_FILE&RevisionSelectionMethod=latestReleased&Rendition=primary&dDocName=041240
Winona,2007,http://education.state.mn.us/mdeprod/idcplg?IdcService=GET_FILE&RevisionSelectionMethod=latestReleased&Rendition=primary&dDocName=041736
Winona,2004,http://education.state.mn.us/mdeprod/idcplg?IdcService=GET_FILE&RevisionSelectionMethod=latestReleased&Rendition=primary&dDocName=041946
Winona,2001,http://education.state.mn.us/mdeprod/idcplg?IdcService=GET_FILE&RevisionSelectionMethod=latestReleased&Rendition=primary&dDocName=042110
Wright,2010,http://education.state.mn.us/mdeprod/idcplg?IdcService=GET_FILE&RevisionSelectionMethod=latestReleased&Rendition=primary&dDocName=041241
Wright,2007,http://education.state.mn.us/mdeprod/idcplg?IdcService=GET_FILE&RevisionSelectionMethod=latestReleased&Rendition=primary&dDocName=041737
Wright,2004,http://education.state.mn.us/mdeprod/idcplg?IdcService=GET_FILE&RevisionSelectionMethod=latestReleased&Rendition=primary&dDocName=041947
Wright,2001,http://education.state.mn.us/mdeprod/idcplg?IdcService=GET_FILE&RevisionSelectionMethod=latestReleased&Rendition=primary&dDocName=042111
Yellow Medicine,2010,http://education.state.mn.us/mdeprod/idcplg?IdcService=GET_FILE&RevisionSelectionMethod=latestReleased&Rendition=primary&dDocName=041242
Yellow Medicine,2007,http://education.state.mn.us/mdeprod/idcplg?IdcService=GET_FILE&RevisionSelectionMethod=latestReleased&Rendition=primary&dDocName=041738
Yellow Medicine,2004,http://education.state.mn.us/mdeprod/idcplg?IdcService=GET_FILE&RevisionSelectionMethod=latestReleased&Rendition=primary&dDocName=041948
Yellow Medicine,2001,http://education.state.mn.us/mdeprod/idcplg?IdcService=GET_FILE&RevisionSelectionMethod=latestReleased&Rendition=primary&dDocName=042112